check_name,check_cat
ecp_alanine_transaminase,labs
ecp_anc,labs
ecp_block_group_2010,geocodes
ecp_block_group_2020,geocodes
ecp_blood_culture_labs,labs
ecp_blood_culture_px,labs
ecp_flu,labs
ecp_head_circumference,anthropometrics
ecp_height,anthropometrics
ecp_hemoglobin,labs
ecp_platelet_count,labs
ecp_rapid_strep,labs
ecp_rsv,labs
ecp_scr,labs
ecp_smoking_tobacco,surveys
ecp_sodium,labs
ecp_tract_2010,geocodes
ecp_tract_2020,geocodes
ecp_twoplus_lohis_cbg_2010,geocodes
ecp_twoplus_lohis_cbg_2020,geocodes
ecp_twoplus_lohis_tract_2010,geocodes
ecp_twoplus_lohis_tract_2020,geocodes
ecp_urine_protein_qual,labs
ecp_weight,anthropometrics